{
  "trace_count": 6397,
  "filtered_out_traces": 12,
  "e2e_statistics": {
    "mean": 72.76907204783492,
    "min": 15.532875,
    "max": 271.369334,
    "variance": 1179.3690323941219,
    "std_dev": 34.34194275800543,
    "cv": 0.4719304752908031
  },
  "service_total_statistics": {
    "second-choice-service [POST /secondChoice]": {
      "mean": 2.4535540555208986,
      "min": 0.253667,
      "max": 53.125917,
      "variance": 5.355096721516807,
      "std_dev": 2.314108191402642,
      "cv": 0.9431657664910701,
      "distribution": {
        "type": "Hypo-exponential",
        "params": {
          "lambda1": 0.4329701357329811,
          "lambda2": 6.94801799693846
        },
        "java_code": "new HypoExponentialTime(new BigDecimal(0.4329701357329811), new BigDecimal(6.94801799693846))"
      }
    },
    "second-parallel-service [secondparallel.SecondParallelService/pass]": {
      "mean": 15.481546564991023,
      "min": 0.1275,
      "max": 127.088166,
      "variance": 225.67437583981464,
      "std_dev": 15.022462376049228,
      "cv": 0.9703463612621275,
      "distribution": {
        "type": "Hypo-exponential",
        "params": {
          "lambda1": 0.06659907802665115,
          "lambda2": 2.1444332051441597
        },
        "java_code": "new HypoExponentialTime(new BigDecimal(0.06659907802665115), new BigDecimal(2.1444332051441597))"
      }
    },
    "users-service [POST /reserve]": {
      "mean": 9.580732588557137,
      "min": 0.8653759999999999,
      "max": 89.558708,
      "variance": 52.94805913746302,
      "std_dev": 7.276541701760736,
      "cv": 0.7594974219874961,
      "distribution": {
        "type": "Hypo-exponential",
        "params": {
          "lambda1": 0.14996454439637524,
          "lambda2": 0.34334884845926317
        },
        "java_code": "new HypoExponentialTime(new BigDecimal(0.14996454439637524), new BigDecimal(0.34334884845926317))"
      }
    },
    "reservation-service [POST /reservation]": {
      "mean": 10.527277343126473,
      "min": 5.9205,
      "max": 83.133042,
      "variance": 25.99486079791989,
      "std_dev": 5.098515548463091,
      "cv": 0.48431473611665043,
      "distribution": {
        "type": "Generalized-Erlang",
        "params": {
          "k": 4,
          "lambda1": 0.5995779213632655,
          "lambda2": 0.2593416406972565
        }
      }
    },
    "reservation-service [GET /reservation/all]": {
      "mean": 2.434799529929301,
      "min": 0.958083,
      "max": 48.690708,
      "variance": 3.1739109093510605,
      "std_dev": 1.7815473357031693,
      "cv": 0.7317018562735225,
      "distribution": {
        "type": "Hypo-exponential",
        "params": {
          "lambda1": 0.6488147177249314,
          "lambda2": 1.119159779202586
        },
        "java_code": "new HypoExponentialTime(new BigDecimal(0.6488147177249314), new BigDecimal(1.119159779202586))"
      }
    },
    "start-parallel-service [POST /startParallel]": {
      "mean": 25.64084404883303,
      "min": 0.49929100000000004,
      "max": 135.080542,
      "variance": 320.607625277515,
      "std_dev": 17.905519408202462,
      "cv": 0.6983202024902678,
      "distribution": {
        "type": "Generalized-Erlang",
        "params": {
          "k": 2,
          "lambda1": 0.22548735021021304,
          "lambda2": 0.05962614328632796
        }
      }
    },
    "first-parallel-service [firstparallel.FirstParallelService/pass]": {
      "mean": 10.299736771274686,
      "min": 0.100125,
      "max": 88.541875,
      "variance": 103.36731559009962,
      "std_dev": 10.166971800398564,
      "cv": 0.9871098675796846,
      "distribution": {
        "type": "Hypo-exponential",
        "params": {
          "lambda1": 0.09836620229090995,
          "lambda2": 7.482600884917778
        },
        "java_code": "new HypoExponentialTime(new BigDecimal(0.09836620229090995), new BigDecimal(7.482600884917778))"
      }
    },
    "start-choice-service [POST /startChoice]": {
      "mean": 0.6101797251836798,
      "min": 0.294167,
      "max": 23.003625,
      "variance": 0.22029529340186096,
      "std_dev": 0.4693562542481574,
      "cv": 0.7692098489619089,
      "distribution": {
        "type": "Hypo-exponential",
        "params": {
          "lambda1": 2.294979503492873,
          "lambda2": 5.732433413422038
        },
        "java_code": "new HypoExponentialTime(new BigDecimal(2.294979503492873), new BigDecimal(5.732433413422038))"
      }
    },
    "first-choice-service [POST /firstChoice]": {
      "mean": 2.481660346718147,
      "min": 0.323666,
      "max": 21.607791,
      "variance": 4.241139808011547,
      "std_dev": 2.0594027794512533,
      "cv": 0.8298487672475788,
      "distribution": {
        "type": "Hypo-exponential",
        "params": {
          "lambda1": 0.4992498903823463,
          "lambda2": 2.0891856639392343
        },
        "java_code": "new HypoExponentialTime(new BigDecimal(0.4992498903823463), new BigDecimal(2.0891856639392343))"
      }
    },
    "third-choice-service [POST /thirdChoice]": {
      "mean": 2.4718507383966246,
      "min": 0.316917,
      "max": 44.019333,
      "variance": 4.968178551961035,
      "std_dev": 2.22894112797109,
      "cv": 0.9017296608357919,
      "distribution": {
        "type": "Hypo-exponential",
        "params": {
          "lambda1": 0.4516766301345311,
          "lambda2": 3.877811148514542
        },
        "java_code": "new HypoExponentialTime(new BigDecimal(0.4516766301345311), new BigDecimal(3.877811148514542))"
      }
    }
  },
  "granular_segment_statistics": {
    "second-choice-service [POST /secondChoice]": {
      "Final Processing / Response Preparation": {
        "mean": 2.4535540555208986,
        "min": 0.253667,
        "max": 53.125917,
        "variance": 5.355096721516807,
        "std_dev": 2.314108191402642,
        "cv": 0.9431657664910701,
        "distribution": {
          "type": "Hypo-exponential",
          "params": {
            "lambda1": 0.4329701357329811,
            "lambda2": 6.94801799693846
          },
          "java_code": "new HypoExponentialTime(new BigDecimal(0.4329701357329811), new BigDecimal(6.94801799693846))"
        }
      }
    },
    "second-parallel-service [secondparallel.SecondParallelService/pass]": {
      "Final Processing / Response Preparation": {
        "mean": 15.481546564991023,
        "min": 0.1275,
        "max": 127.088166,
        "variance": 225.67437583981464,
        "std_dev": 15.022462376049228,
        "cv": 0.9703463612621275,
        "distribution": {
          "type": "Hypo-exponential",
          "params": {
            "lambda1": 0.06659907802665115,
            "lambda2": 2.1444332051441597
          },
          "java_code": "new HypoExponentialTime(new BigDecimal(0.06659907802665115), new BigDecimal(2.1444332051441597))"
        }
      }
    },
    "users-service [POST /reserve]": {
      "Processing before calling users-service [POST /startChoice]": {
        "mean": 0.31350401188056903,
        "min": 0.145541,
        "max": 10.500667,
        "variance": 0.09879762932754707,
        "std_dev": 0.31432090183051314,
        "cv": 1.002605676224186,
        "distribution": {
          "type": "Hyper-exponential",
          "params": {
            "p1": 0.5255062808999462,
            "lambda1": 3.352469257076943,
            "p2": 0.4744937191000538,
            "lambda2": 3.0270344309393695
          },
          "java_code": "new HyperExponentialTime(new BigDecimal(3.352469257076943), new BigDecimal(3.0270344309393695), new BigDecimal(0.5255062808999462))"
        }
      },
      "Processing before calling users-service [POST /startParallel]": {
        "mean": 0.17782883804908553,
        "min": 0.054125,
        "max": 5.54625,
        "variance": 0.024831471471323984,
        "std_dev": 0.15758004782117557,
        "cv": 0.8861332590931019,
        "distribution": {
          "type": "Hypo-exponential",