{
  "trace_count": 5763,
  "filtered_out_traces": 0,
  "e2e_statistics": {
    "mean": 41.33430622904737,
    "min": 15.119083,
    "max": 205.344542,
    "variance": 237.6972662337273,
    "std_dev": 15.417433840744293,
    "cv": 0.37299365218109815
  },
  "service_total_statistics": {
    "third-choice-service [POST /thirdChoice]": {
      "mean": 2.4767407471719456,
      "min": 0.313625,
      "max": 58.966584,
      "variance": 7.03496410719037,
      "std_dev": 2.6523506757573307,
      "cv": 1.0709036376883228,
      "distribution": {
        "type": "Hyper-exponential",
        "params": {
          "p1": 0.6307630118874772,
          "lambda1": 0.5093492426348707,
          "p2": 0.3692369881125228,
          "lambda2": 0.2981636156583076
        },
        "java_code": "new HyperExponentialTime(new BigDecimal(0.5093492426348707), new BigDecimal(0.2981636156583076), new BigDecimal(0.6307630118874772))"
      }
    },
    "first-parallel-service [firstparallel.FirstParallelService/pass]": {
      "mean": 2.2448318080860665,
      "min": 0.081833,
      "max": 57.754583,
      "variance": 6.439257356934457,
      "std_dev": 2.5375691826893028,
      "cv": 1.1304050368267111,
      "distribution": {
        "type": "Hyper-exponential",
        "params": {
          "p1": 0.6746179965253937,
          "lambda1": 0.6010410170555895,
          "p2": 0.32538200347460633,
          "lambda2": 0.2898943273189144
        },
        "java_code": "new HyperExponentialTime(new BigDecimal(0.6010410170555895), new BigDecimal(0.2898943273189144), new BigDecimal(0.6746179965253937))"
      }
    },
    "second-parallel-service [secondparallel.SecondParallelService/pass]": {
      "mean": 2.2280618814853375,
      "min": 0.111084,
      "max": 57.9355,
      "variance": 6.350436926623852,
      "std_dev": 2.520007326700431,
      "cv": 1.1310311206529273,
      "distribution": {
        "type": "Hyper-exponential",
        "params": {
          "p1": 0.6750080068673946,
          "lambda1": 0.6059149545859117,
          "p2": 0.3249919931326054,
          "lambda2": 0.2917261821435134
        },
        "java_code": "new HyperExponentialTime(new BigDecimal(0.6059149545859117), new BigDecimal(0.2917261821435134), new BigDecimal(0.6750080068673946))"
      }
    },
    "start-parallel-service [POST /startParallel]": {
      "mean": 9.275304688877322,
      "min": 0.6635,
      "max": 84.057084,
      "variance": 36.61651678649556,
      "std_dev": 6.051158301225937,
      "cv": 0.6523945578286298,
      "distribution": {
        "type": "Generalized-Erlang",
        "params": {
          "k": 2,
          "lambda1": 0.5150795557399744,
          "lambda2": 0.18544586155938728
        }
      }
    },
    "users-service [POST /reserve]": {
      "mean": 10.096773207010239,
      "min": 1.757917,
      "max": 73.39437399999998,
      "variance": 58.644091738996615,
      "std_dev": 7.657943048821702,
      "cv": 0.7584544974729901,
      "distribution": {
        "type": "Hypo-exponential",
        "params": {
          "lambda1": 0.1427161332063549,
          "lambda2": 0.3236395826771969
        },
        "java_code": "new HypoExponentialTime(new BigDecimal(0.1427161332063549), new BigDecimal(0.3236395826771969))"
      }
    },
    "reservation-service [POST /reservation]": {
      "mean": 10.630205370987333,
      "min": 5.916333,
      "max": 82.87425,
      "variance": 31.265041101660106,
      "std_dev": 5.591515098938758,
      "cv": 0.5260025468745406,
      "distribution": {
        "type": "Generalized-Erlang",
        "params": {
          "k": 3,
          "lambda1": 0.4637518135266925,
          "lambda2": 0.24031367819762137
        }
      }
    },
    "reservation-service [GET /reservation/all]": {
      "mean": 2.6611097513447857,
      "min": 0.969875,
      "max": 45.799666,
      "variance": 3.4040120958590148,
      "std_dev": 1.8449965029395081,
      "cv": 0.6933184555831052,
      "distribution": {
        "type": "Generalized-Erlang",
        "params": {
          "k": 2,
          "lambda1": 2.1276535315696776,
          "lambda2": 0.5810213732194183
        }
      }
    },
    "start-choice-service [POST /startChoice]": {
      "mean": 0.6187160694082943,
      "min": 0.306125,
      "max": 14.055166999999999,
      "variance": 0.11169303648292922,
      "std_dev": 0.3342050814738298,
      "cv": 0.5401590454785585,
      "distribution": {
        "type": "Generalized-Erlang",
        "params": {
          "k": 3,
          "lambda1": 8.462036745533617,
          "lambda2": 3.7851332451409965
        }
      }
    },
    "second-choice-service [POST /secondChoice]": {
      "mean": 2.402523755768548,
      "min": 0.273917,
      "max": 32.813792,
      "variance": 4.740629929659756,
      "std_dev": 2.1772987690392323,
      "cv": 0.9062548346552068,
      "distribution": {
        "type": "Hypo-exponential",
        "params": {
          "lambda1": 0.4620606198831291,
          "lambda2": 4.1962931541242385
        },
        "java_code": "new HypoExponentialTime(new BigDecimal(0.4620606198831291), new BigDecimal(4.1962931541242385))"
      }
    },
    "first-choice-service [POST /firstChoice]": {
      "mean": 2.6303340865874363,
      "min": 0.328167,
      "max": 80.744875,
      "variance": 13.829940688982994,
      "std_dev": 3.7188628220173694,
      "cv": 1.41383668370514,
      "distribution": {
        "type": "Hyper-exponential",
        "params": {
          "p1": 0.7885725201930235,
          "lambda1": 0.5995987537964107,
          "p2": 0.21142747980697651,
          "lambda2": 0.1607609321455283
        },
        "java_code": "new HyperExponentialTime(new BigDecimal(0.5995987537964107), new BigDecimal(0.1607609321455283), new BigDecimal(0.7885725201930235))"
      }
    }
  },
  "granular_segment_statistics": {
    "third-choice-service [POST /thirdChoice]": {
      "Final Processing / Response Preparation": {
        "mean": 2.4767407471719456,
        "min": 0.313625,
        "max": 58.966584,
        "variance": 7.03496410719037,
        "std_dev": 2.6523506757573307,
        "cv": 1.0709036376883228,
        "distribution": {
          "type": "Hyper-exponential",
          "params": {
            "p1": 0.6307630118874772,
            "lambda1": 0.5093492426348707,
            "p2": 0.3692369881125228,
            "lambda2": 0.2981636156583076
          },
          "java_code": "new HyperExponentialTime(new BigDecimal(0.5093492426348707), new BigDecimal(0.2981636156583076), new BigDecimal(0.6307630118874772))"
        }
      }
    },
    "first-parallel-service [firstparallel.FirstParallelService/pass]": {
      "Final Processing / Response Preparation": {
        "mean": 2.2448318080860665,
        "min": 0.081833,
        "max": 57.754583,
        "variance": 6.439257356934457,
        "std_dev": 2.5375691826893028,
        "cv": 1.1304050368267111,
        "distribution": {
          "type": "Hyper-exponential",
          "params": {
            "p1": 0.6746179965253937,
            "lambda1": 0.6010410170555895,
            "p2": 0.32538200347460633,
            "lambda2": 0.2898943273189144
          },
          "java_code": "new HyperExponentialTime(new BigDecimal(0.6010410170555895), new BigDecimal(0.2898943273189144), new BigDecimal(0.6746179965253937))"
        }
      }
    },
    "second-parallel-service [secondparallel.SecondParallelService/pass]": {
      "Final Processing / Response Preparation": {
        "mean": 2.2280618814853375,
        "min": 0.111084,
        "max": 57.9355,
        "variance": 6.350436926623852,
        "std_dev": 2.520007326700431,
        "cv": 1.1310311206529273,
        "distribution": {
          "type": "Hyper-exponential",
          "params": {
            "p1": 0.6750080068673946,
            "lambda1": 0.6059149545859117,
            "p2": 0.3249919931326054,
            "lambda2": 0.2917261821435134
          },