{
  "trace_count": 5437,
  "filtered_out_traces": 2,
  "e2e_statistics": {
    "mean": 36.442274373919446,
    "min": 15.87175,
    "max": 151.083626,
    "variance": 189.67244409444197,
    "std_dev": 13.772161925218638,
    "cv": 0.37791718990719547
  },
  "service_total_statistics": {
    "first-parallel-service [FirstParallelService/pass]": {
      "mean": 2.2136751092514255,
      "min": 0.104792,
      "max": 60.42525,
      "variance": 5.189059055188036,
      "std_dev": 2.2779506261523834,
      "cv": 1.0290356595836203,
      "distribution": {
        "type": "Hyper-exponential",
        "params": {
          "p1": 0.5845788056000591,
          "lambda1": 0.5281523048770601,
          "p2": 0.41542119439994085,
          "lambda2": 0.37532264121668635
        },
        "java_code": "new HyperExponentialTime(new BigDecimal(0.5281523048770601), new BigDecimal(0.37532264121668635), new BigDecimal(0.5845788056000591))"
      }
    },
    "second-parallel-service [SecondParallelService/pass]": {
      "mean": 2.2141744233952547,
      "min": 0.10725,
      "max": 37.680333,
      "variance": 4.586636651977472,
      "std_dev": 2.1416434465095895,
      "cv": 0.9672424285461464,
      "distribution": {
        "type": "Hypo-exponential",
        "params": {
          "lambda1": 0.46720863302310595,
          "lambda2": 13.54958199926677
        },
        "java_code": "new HypoExponentialTime(new BigDecimal(0.46720863302310595), new BigDecimal(13.54958199926677))"
      }
    },
    "start-choice-service [POST /startChoice]": {
      "mean": 0.6208691697349042,
      "min": 0.291084,
      "max": 28.192625,
      "variance": 0.27987017989141516,
      "std_dev": 0.5290275795187007,
      "cv": 0.8520757758749438,
      "distribution": {
        "type": "Hypo-exponential",
        "params": {
          "lambda1": 1.9261959281344327,
          "lambda2": 9.83176057889927
        },
        "java_code": "new HypoExponentialTime(new BigDecimal(1.9261959281344327), new BigDecimal(9.83176057889927))"
      }
    },
    "users-service [POST /reserve]": {
      "mean": 9.719457085525105,
      "min": 1.57375,
      "max": 68.528335,
      "variance": 56.2514686127899,
      "std_dev": 7.500097906880276,
      "cv": 0.7716581122673967,
      "distribution": {
        "type": "Hypo-exponential",
        "params": {
          "lambda1": 0.14320255462782286,
          "lambda2": 0.36545146966884956
        },
        "java_code": "new HypoExponentialTime(new BigDecimal(0.14320255462782286), new BigDecimal(0.36545146966884956))"
      }
    },
    "second-choice-service [POST /secondChoice]": {
      "mean": 2.3358873942814147,
      "min": 0.272042,
      "max": 15.656083,
      "variance": 3.6613172108649703,
      "std_dev": 1.913456874576736,
      "cv": 0.8191562997690519,
      "distribution": {
        "type": "Hypo-exponential",
        "params": {
          "lambda1": 0.5402484688380129,
          "lambda2": 2.0623351589340433
        },
        "java_code": "new HypoExponentialTime(new BigDecimal(0.5402484688380129), new BigDecimal(2.0623351589340433))"
      }
    },
    "reservation-service [POST /reservation]": {
      "mean": 10.545780431304028,
      "min": 5.980209,
      "max": 64.382541,
      "variance": 26.953220269367964,
      "std_dev": 5.191649089582997,
      "cv": 0.4922963381801634,
      "distribution": {
        "type": "Generalized-Erlang",
        "params": {
          "k": 4,
          "lambda1": 0.6158220548999678,
          "lambda2": 0.24688934216814792
        }
      }
    },
    "reservation-service [GET /reservation/all]": {
      "mean": 2.2486861767518853,
      "min": 0.957959,
      "max": 58.357541,
      "variance": 2.710998990178255,
      "std_dev": 1.6465111570160267,
      "cv": 0.7322102897409766,
      "distribution": {
        "type": "Hypo-exponential",
        "params": {
          "lambda1": 0.7009731271010903,
          "lambda2": 1.2164000432879931
        },
        "java_code": "new HypoExponentialTime(new BigDecimal(0.7009731271010903), new BigDecimal(1.2164000432879931))"
      }
    },
    "start-parallel-service [POST /startParallel]": {
      "mean": 5.473897350193121,
      "min": 0.199875,
      "max": 45.948624,
      "variance": 28.48583331059532,
      "std_dev": 5.33721212906095,
      "cv": 0.9750296338444585,
      "distribution": {
        "type": "Hypo-exponential",
        "params": {
          "lambda1": 0.18742683574277152,
          "lambda2": 7.221150516512272
        },
        "java_code": "new HypoExponentialTime(new BigDecimal(0.18742683574277152), new BigDecimal(7.221150516512272))"
      }
    },
    "third-choice-service [POST /thirdChoice]": {
      "mean": 2.543596792712067,
      "min": 0.298792,
      "max": 15.939417,
      "variance": 4.471028667980069,
      "std_dev": 2.1144807088219246,
      "cv": 0.8312955555221452,
      "distribution": {
        "type": "Hypo-exponential",
        "params": {
          "lambda1": 0.48591912893009037,
          "lambda2": 2.059133464514165
        },
        "java_code": "new HypoExponentialTime(new BigDecimal(0.48591912893009037), new BigDecimal(2.059133464514165))"
      }
    },
    "first-choice-service [POST /firstChoice]": {
      "mean": 2.4804637411764703,
      "min": 0.355042,
      "max": 39.267708,
      "variance": 5.102232671376322,
      "std_dev": 2.258812225789546,
      "cv": 0.9106410983932399,
      "distribution": {
        "type": "Hypo-exponential",
        "params": {
          "lambda1": 0.44510088082123495,
          "lambda2": 4.277488383708342
        },
        "java_code": "new HypoExponentialTime(new BigDecimal(0.44510088082123495), new BigDecimal(4.277488383708342))"
      }
    }
  },
  "granular_segment_statistics": {
    "first-parallel-service [FirstParallelService/pass]": {
      "Final Processing / Response Preparation": {
        "mean": 2.2136751092514255,
        "min": 0.104792,
        "max": 60.42525,
        "variance": 5.189059055188036,
        "std_dev": 2.2779506261523834,
        "cv": 1.0290356595836203,
        "distribution": {
          "type": "Hyper-exponential",
          "params": {
            "p1": 0.5845788056000591,
            "lambda1": 0.5281523048770601,
            "p2": 0.41542119439994085,
            "lambda2": 0.37532264121668635
          },
          "java_code": "new HyperExponentialTime(new BigDecimal(0.5281523048770601), new BigDecimal(0.37532264121668635), new BigDecimal(0.5845788056000591))"
        }
      }
    },
    "second-parallel-service [SecondParallelService/pass]": {
      "Final Processing / Response Preparation": {
        "mean": 2.2141744233952547,
        "min": 0.10725,
        "max": 37.680333,
        "variance": 4.586636651977472,
        "std_dev": 2.1416434465095895,
        "cv": 0.9672424285461464,
        "distribution": {
          "type": "Hypo-exponential",
          "params": {
            "lambda1": 0.46720863302310595,
            "lambda2": 13.54958199926677
          },
          "java_code": "new HypoExponentialTime(new BigDecimal(0.46720863302310595), new BigDecimal(13.54958199926677))"
        }
      }
    },
    "start-choice-service [POST /startChoice]": {
      "Processing before calling start-choice-service [POST /secondChoice]": {
        "mean": 0.4574285418236624,
        "min": 0.210917,
        "max": 27.724125,
        "variance": 0.4313108280795947,
        "std_dev": 0.6567425889034415,
        "cv": 1.435727176719581,
        "distribution": {
          "type": "Hyper-exponential",
          "params": {
            "p1": 0.7944000063699483,
            "lambda1": 3.4733294219152056,
            "p2": 0.20559999363005166,
            "lambda2": 0.8989381939761423
          },
          "java_code": "new HyperExponentialTime(new BigDecimal(3.4733294219152056), new BigDecimal(0.8989381939761423), new BigDecimal(0.7944000063699483))"
        }
      },