{
  "trace_count": 456,
  "filtered_out_traces": 0,
  "e2e_statistics": {
    "mean": 21.372092486842106,
    "min": 9.571125,
    "max": 73.762541,
    "variance": 63.838512422459964,
    "std_dev": 7.989900651601368,
    "cv": 0.37384737393029777
  },
  "service_total_statistics": {
    "start-parallel-service [POST /startParallel]": {
      "mean": 5.5295863602150535,
      "min": 0.217208,
      "max": 57.186792,
      "variance": 31.039924885456802,
      "std_dev": 5.571348569732179,
      "cv": 1.0075525015429005,
      "distribution": {
        "type": "Hyper-exponential",
        "params": {
          "p1": 0.543370445612194,
          "lambda1": 0.19653204063208143,
          "p2": 0.45662955438780595,
          "lambda2": 0.1651586663600085
        },
        "java_code": "new HyperExponentialTime(new BigDecimal(0.19653204063208143), new BigDecimal(0.1651586663600085), new BigDecimal(0.543370445612194))"
      }
    },
    "users-service [POST /reserve]": {
      "mean": 2.959762697368421,
      "min": 1.467,
      "max": 16.125875999999998,
      "variance": 2.085071403222119,
      "std_dev": 1.443977632521404,
      "cv": 0.48786939365283266,
      "distribution": {
        "type": "Generalized-Erlang",
        "params": {
          "k": 4,
          "lambda1": 2.1602406394082116,
          "lambda2": 0.9024316753933919
        },
        "java_code": "new GeneralizeErlangTime(4, new BigDecimal(2.1602406394082116), new BigDecimal(0.9024316753933919))"
      }
    },
    "first-parallel-service [FirstParallelService/pass]": {
      "mean": 2.2089329166666665,
      "min": 0.1545,
      "max": 36.0025,
      "variance": 7.016533320056097,
      "std_dev": 2.6488739720975962,
      "cv": 1.1991645160935043,
      "distribution": {
        "type": "Hyper-exponential",
        "params": {
          "p1": 0.7119280263742483,
          "lambda1": 0.6445899927541169,
          "p2": 0.28807197362575165,
          "lambda2": 0.2608245560127369
        },
        "java_code": "new HyperExponentialTime(new BigDecimal(0.6445899927541169), new BigDecimal(0.2608245560127369), new BigDecimal(0.7119280263742483))"
      }
    },
    "start-choice-service [POST /startChoice]": {
      "mean": 0.5506962192982456,
      "min": 0.300917,
      "max": 9.440999999999999,
      "variance": 0.20297046177909023,
      "std_dev": 0.45052243204871634,
      "cv": 0.8180961050047135,
      "distribution": {
        "type": "Hypo-exponential",
        "params": {
          "lambda1": 2.2958817863251855,
          "lambda2": 8.685552470290316
        },
        "java_code": "new HypoExponentialTime(new BigDecimal(2.2958817863251855), new BigDecimal(8.685552470290316))"
      }
    },
    "second-parallel-service [SecondParallelService/pass]": {
      "mean": 2.312463567204301,
      "min": 0.099333,
      "max": 29.294375,
      "variance": 5.991807921771842,
      "std_dev": 2.4478169706438107,
      "cv": 1.0585321236447187,
      "distribution": {
        "type": "Hyper-exponential",
        "params": {
          "p1": 0.6191867091410597,
          "lambda1": 0.5355212665163307,
          "p2": 0.38081329085894033,
          "lambda2": 0.32935722426912195
        },
        "java_code": "new HyperExponentialTime(new BigDecimal(0.5355212665163307), new BigDecimal(0.32935722426912195), new BigDecimal(0.6191867091410597))"
      }
    },
    "reservation-service [POST /reservation]": {
      "mean": 1.630482,
      "min": 0.814208,
      "max": 25.307,
      "variance": 1.606794639821015,
      "std_dev": 1.2675940358888624,
      "cv": 0.7774351608229115,
      "distribution": {
        "type": "Hypo-exponential",
        "params": {
          "lambda1": 0.8419123392111378,
          "lambda2": 2.2588156136721516
        },
        "java_code": "new HypoExponentialTime(new BigDecimal(0.8419123392111378), new BigDecimal(2.2588156136721516))"
      }
    },
    "reservation-service [GET /reservation/all]": {
      "mean": 3.078715192982456,
      "min": 1.053417,
      "max": 47.8655,
      "variance": 8.613880079999229,
      "std_dev": 2.9349412396160894,
      "cv": 0.9533006646103279,
      "distribution": {
        "type": "Hypo-exponential",
        "params": {
          "lambda1": 0.34115331884833233,
          "lambda2": 6.780497616257382
        },
        "java_code": "new HypoExponentialTime(new BigDecimal(0.34115331884833233), new BigDecimal(6.780497616257382))"
      }
    },
    "third-choice-service [POST /thirdChoice]": {
      "mean": 2.539086584,
      "min": 0.349417,
      "max": 26.091666,
      "variance": 8.154313355856212,
      "std_dev": 2.8555758361241628,
      "cv": 1.1246468923582649,
      "distribution": {
        "type": "Hyper-exponential",
        "params": {
          "p1": 0.6709764312960256,
          "lambda1": 0.5285179603753328,
          "p2": 0.3290235687039744,
          "lambda2": 0.25916687581850056
        },
        "java_code": "new HyperExponentialTime(new BigDecimal(0.5285179603753328), new BigDecimal(0.25916687581850056), new BigDecimal(0.6709764312960256))"
      }
    },
    "first-choice-service [POST /firstChoice]": {
      "mean": 2.4604917395833334,
      "min": 0.318167,
      "max": 11.912291,
      "variance": 4.132279916256489,
      "std_dev": 2.0328010026208885,
      "cv": 0.8261767230989073,
      "distribution": {
        "type": "Hypo-exponential",
        "params": {
          "lambda1": 0.5066779773759286,
          "lambda2": 2.054014045256548
        },
        "java_code": "new HypoExponentialTime(new BigDecimal(0.5066779773759286), new BigDecimal(2.054014045256548))"
      }
    },
    "second-choice-service [POST /secondChoice]": {
      "mean": 2.2534578042553193,
      "min": 0.342375,
      "max": 28.788167,
      "variance": 5.585951154154834,
      "std_dev": 2.3634616887427717,
      "cv": 1.0488155954283798,
      "distribution": {
        "type": "Hyper-exponential",
        "params": {
          "p1": 0.6091162983550671,
          "lambda1": 0.5406059054709982,
          "p2": 0.3908837016449329,
          "lambda2": 0.3469190334132792
        },
        "java_code": "new HyperExponentialTime(new BigDecimal(0.5406059054709982), new BigDecimal(0.3469190334132792), new BigDecimal(0.6091162983550671))"
      }
    }
  },
  "granular_segment_statistics": {
    "start-parallel-service [POST /startParallel]": {
      "Processing before calling start-parallel-service [FirstParallelService/pass]": {
        "mean": 5.409092604838709,
        "min": 0.145458,
        "max": 56.982459,
        "variance": 31.008710796522173,
        "std_dev": 5.568546560505908,
        "cv": 1.0294788733187077,
        "distribution": {
          "type": "Hyper-exponential",
          "params": {
            "p1": 0.5852123151915768,
            "lambda1": 0.21638095626910678,
            "p2": 0.4147876848084232,
            "lambda2": 0.15336682697477744
          },
          "java_code": "new HyperExponentialTime(new BigDecimal(0.21638095626910678), new BigDecimal(0.15336682697477744), new BigDecimal(0.5852123151915768))"
        }
      },
      "Final Processing / Response Preparation": {
        "mean": 0.12049375537634407,
        "min": 0.06525,
        "max": 0.281291,
        "variance": 0.0016179776542930978,
        "std_dev": 0.04022409295799096,
        "cv": 0.33382719986074855,
        "distribution": {
          "type": "Generalized-Erlang",
          "params": {
            "k": 8,
            "lambda1": 76.15894832084263,
            "lambda2": 64.72371240891827
          },
          "java_code": "new GeneralizeErlangTime(8, new BigDecimal(76.15894832084263), new BigDecimal(64.72371240891827))"
        }
      }
    },
    "users-service [POST /reserve]": {
      "Processing before calling users-service [POST /startChoice]": {
        "mean": 0.2926661864035088,
        "min": 0.154416,
        "max": 3.730458,
        "variance": 0.0412800877756465,